,0,1,2,3,4,5,6,7,8,9,10,11,12,13,14,15,16,17,18,19,20,21,22,23,24,25,26,27,28,29,30,31,32,33,34,35,36,37,38,39,40,41,42,43,44,45,46,47,48,49,50,51,52,53,54,55,56,57
001.mp4,tattooing,tattooing,tattooing,tattooing,tattooing,tattooing,tattooing,tattooing,tattooing,tattooing,tattooing,tattooing,tattooing,tattooing,tattooing,tattooing,tattooing,playing+videogames,playing+videogames,playing+videogames,playing+videogames,playing+videogames,playing+videogames,tattooing,sitting,playing+videogames,snowing,adult+male+singing,filming,sitting,sitting,adult+male+speaking,adult+male+speaking,hugging,hugging,hugging,hugging,hugging,,,,,,,,,,,,,,,,,,,,
002.mp4,adult+female+speaking,adult+female+speaking,adult+female+speaking,adult+female+speaking,adult+female+speaking,adult+female+speaking,adult+female+speaking,adult+female+speaking,adult+female+speaking,adult+female+speaking,adult+female+speaking,adult+female+speaking,adult+female+speaking,adult+female+speaking,adult+female+speaking,adult+female+speaking,adult+female+speaking,adult+female+speaking,adult+female+speaking,adult+female+speaking,adult+female+speaking,adult+female+speaking,adult+female+speaking,adult+female+speaking,adult+female+speaking,adult+female+speaking,adult+female+speaking,adult+female+speaking,adult+female+speaking,adult+female+speaking,adult+female+speaking,adult+female+speaking,adult+female+speaking,adult+female+speaking,adult+female+speaking,adult+female+speaking,adult+female+speaking,adult+female+speaking,adult+female+speaking,adult+female+speaking,adult+female+speaking,adult+female+speaking,adult+female+speaking,adult+female+speaking,adult+female+speaking,adult+female+speaking,adult+female+speaking,adult+female+speaking,adult+female+speaking,adult+female+speaking,adult+female+speaking,adult+female+speaking,adult+female+speaking,adult+female+speaking,adult+female+speaking,adult+female+speaking,adult+female+speaking,
003.mp4,adult+female+singing,adult+female+singing,adult+female+singing,adult+female+singing,adult+female+singing,adult+female+singing,adult+female+singing,adult+female+singing,adult+female+singing,adult+female+singing,adult+female+singing,adult+female+singing,adult+female+singing,adult+female+singing,adult+female+singing,adult+female+singing,adult+female+singing,adult+female+singing,smoking,smoking,smoking,smoking,smoking,smoking,smoking,smoking,tattooing,tattooing,drying,drying,drying,drying,tattooing,tattooing,adult+female+singing,adult+female+singing,adult+female+singing,adult+female+singing,adult+female+singing,tattooing,tattooing,performing,performing,performing,performing,adult+female+speaking,adult+female+speaking,adult+female+speaking,adult+female+speaking,hugging,hugging,hugging,dancing,dancing,dancing,,,
004.mp4,adult+female+speaking,adult+female+speaking,adult+female+speaking,discussing,discussing,discussing,discussing,discussing,discussing,asking,asking,discussing,discussing,discussing,discussing,discussing,discussing,asking,asking,discussing,discussing,discussing,discussing,discussing,discussing,discussing,discussing,discussing,discussing,discussing,discussing,discussing,discussing,discussing,discussing,discussing,discussing,discussing,discussing,discussing,discussing,discussing,discussing,discussing,discussing,discussing,discussing,discussing,discussing,discussing,adult+male+speaking,adult+male+speaking,adult+male+speaking,adult+male+speaking,,,,
005.mp4,coaching,coaching,coaching,coaching,coaching,coaching,coaching,coaching,coaching,coaching,coaching,coaching,coaching,coaching,coaching,coaching,coaching,coaching,coaching,coaching,coaching,coaching,coaching,coaching,coaching,coaching,coaching,coaching,coaching,coaching,coaching,coaching,coaching,coaching,coaching,coaching,coaching,coaching,coaching,coaching,coaching,coaching,coaching,coaching,,,,,,,,,,,,,,
007.mp4,tattooing,tattooing,tattooing,tattooing,tattooing,kneeling,kneeling,assembling,telephoning,assembling,telephoning,telephoning,telephoning,telephoning,telephoning,telephoning,telephoning,telephoning,telephoning,playing+videogames,squatting,stomping,running,,,,,,,,,,,,,,,,,,,,,,,,,,,,,,,,,,,
008.mp4,hugging,hugging,hugging,hugging,adult+female+speaking,hugging,adult+female+speaking,hugging,,,,,,,,,,,,,,,,,,,,,,,,,,,,,,,,,,,,,,,,,,,,,,,,,,
010.mp4,adult+male+singing,adult+male+singing,adult+male+speaking,adult+male+speaking,adult+male+speaking,adult+male+speaking,adult+male+speaking,adult+male+speaking,adult+male+speaking,adult+male+speaking,,,,,,,,,,,,,,,,,,,,,,,,,,,,,,,,,,,,,,,,,,,,,,,,
011.mp4,smoking,smoking,smoking,smoking,smoking,smoking,smoking,smoking,smoking,smoking,smoking,smoking,smoking,smoking,smoking,smoking,smoking,smoking,smoking,discussing,discussing,discussing,discussing,discussing,discussing,discussing,discussing,discussing,discussing,discussing,discussing,discussing,discussing,discussing,discussing,discussing,discussing,discussing,discussing,discussing,discussing,discussing,discussing,discussing,discussing,smoking,discussing,discussing,discussing,discussing,discussing,discussing,discussing,discussing,discussing,discussing,discussing,discussing
012.mp4,adult+female+speaking,adult+female+speaking,adult+female+speaking,adult+female+speaking,adult+female+speaking,adult+female+speaking,adult+female+speaking,adult+female+speaking,adult+female+speaking,adult+female+speaking,adult+female+speaking,adult+female+speaking,adult+female+speaking,adult+female+speaking,adult+female+speaking,adult+female+speaking,adult+female+speaking,adult+female+speaking,smiling,smiling,smiling,smiling,smiling,smiling,,,,,,,,,,,,,,,,,,,,,,,,,,,,,,,,,,
013.mp4,adult+male+speaking,adult+male+speaking,adult+male+speaking,adult+male+speaking,adult+male+speaking,adult+male+speaking,adult+male+speaking,adult+male+speaking,adult+male+speaking,adult+male+speaking,adult+male+speaking,adult+male+speaking,adult+male+speaking,adult+male+speaking,adult+male+speaking,adult+male+speaking,adult+male+speaking,adult+male+speaking,adult+male+speaking,adult+male+speaking,adult+male+speaking,adult+male+speaking,adult+male+speaking,adult+male+speaking,adult+male+speaking,adult+male+speaking,adult+male+speaking,adult+male+speaking,adult+male+speaking,adult+male+speaking,adult+male+speaking,adult+male+speaking,adult+male+speaking,adult+male+speaking,adult+male+speaking,adult+male+speaking,adult+male+speaking,adult+male+speaking,adult+male+speaking,adult+male+speaking,adult+male+speaking,adult+male+speaking,adult+male+speaking,adult+male+speaking,adult+male+speaking,adult+male+speaking,adult+male+speaking,adult+male+speaking,adult+male+speaking,adult+male+speaking,adult+male+speaking,adult+male+speaking,adult+male+speaking,adult+male+speaking,adult+male+speaking,,,
014.mp4,adult+male+speaking,adult+male+speaking,adult+male+speaking,adult+male+speaking,adult+male+singing,adult+male+singing,adult+male+singing,adult+male+speaking,adult+male+speaking,adult+male+speaking,adult+male+speaking,adult+male+singing,adult+male+singing,adult+male+singing,adult+male+singing,adult+male+singing,adult+male+singing,adult+male+speaking,adult+male+speaking,adult+male+singing,adult+male+singing,adult+male+singing,adult+male+singing,adult+male+singing,adult+male+singing,adult+male+singing,adult+male+singing,adult+male+singing,adult+male+singing,adult+male+speaking,adult+male+speaking,asking,asking,adult+male+speaking,adult+male+speaking,asking,asking,asking,asking,asking,adult+male+speaking,adult+male+speaking,adult+male+speaking,adult+male+speaking,adult+male+speaking,adult+male+speaking,adult+male+speaking,painting,painting,painting,sitting,sitting,,,,,,
015.mp4,discussing,discussing,discussing,hugging,discussing,hugging,hugging,hugging,hugging,hugging,hugging,hugging,hugging,hugging,hugging,hugging,hugging,hugging,hugging,discussing,discussing,discussing,discussing,discussing,discussing,discussing,discussing,discussing,discussing,discussing,discussing,discussing,hugging,hugging,hugging,hugging,hugging,hugging,discussing,hugging,hugging,discussing,discussing,discussing,hugging,hugging,hugging,hugging,hugging,hugging,hugging,hugging,hugging,hugging,hugging,,,
016.mp4,adult+female+singing,adult+female+singing,adult+female+singing,adult+female+singing,adult+female+singing,adult+female+singing,adult+female+speaking,adult+female+singing,adult+female+speaking,adult+female+singing,adult+female+singing,adult+female+singing,adult+female+singing,stacking,stacking,stacking,stacking,adult+female+singing,adult+female+singing,adult+female+singing,adult+female+speaking,adult+female+speaking,adult+female+speaking,adult+female+speaking,adult+female+singing,adult+female+singing,adult+female+singing,adult+female+singing,,,,,,,,,,,,,,,,,,,,,,,,,,,,,,
017.mp4,adult+female+singing,adult+female+singing,adult+female+singing,adult+female+singing,adult+female+singing,adult+female+singing,adult+female+singing,hiking,hiking,adult+female+singing,walking,walking,adult+female+singing,adult+female+singing,adult+female+singing,adult+female+singing,adult+female+singing,hiking,hiking,hiking,hiking,hiking,,,,,,,,,,,,,,,,,,,,,,,,,,,,,,,,,,,,
018.mp4,adult+female+speaking,adult+female+speaking,adult+female+speaking,adult+female+speaking,adult+female+speaking,adult+female+speaking,adult+female+speaking,adult+female+speaking,adult+female+speaking,adult+female+speaking,adult+female+speaking,talking,talking,talking,adult+female+singing,adult+female+singing,adult+female+singing,adult+female+singing,adult+female+singing,adult+female+singing,adult+female+singing,adult+female+singing,adult+female+singing,adult+female+singing,,,,,,,,,,,,,,,,,,,,,,,,,,,,,,,,,,
019.mp4,adult+female+speaking,adult+female+speaking,adult+female+speaking,adult+female+speaking,adult+female+speaking,adult+female+speaking,adult+female+speaking,adult+female+speaking,adult+female+speaking,adult+female+speaking,adult+female+speaking,adult+female+speaking,adult+female+speaking,adult+female+speaking,adult+female+speaking,adult+female+speaking,adult+female+speaking,adult+female+speaking,adult+female+speaking,adult+female+speaking,adult+female+speaking,adult+female+speaking,adult+female+speaking,adult+female+speaking,adult+female+speaking,adult+female+speaking,adult+female+speaking,adult+female+speaking,adult+female+speaking,adult+female+speaking,adult+female+speaking,adult+female+speaking,adult+female+speaking,adult+female+speaking,adult+female+speaking,adult+female+speaking,adult+female+speaking,adult+female+speaking,adult+female+speaking,adult+female+speaking,adult+female+speaking,adult+female+speaking,adult+female+speaking,adult+female+speaking,adult+female+speaking,sitting,sitting,sitting,adult+female+speaking,adult+female+speaking,adult+female+speaking,adult+female+speaking,adult+female+speaking,,,,,
020.mp4,adult+male+speaking,sitting,adult+male+speaking,sitting,sitting,sitting,adult+male+singing,adult+male+singing,stacking,adult+male+singing,adult+male+singing,adult+male+singing,adult+female+speaking,adult+male+singing,adult+female+speaking,adult+male+speaking,adult+male+speaking,adult+male+singing,adult+male+speaking,adult+male+speaking,adult+male+singing,adult+male+singing,adult+male+speaking,adult+male+singing,,,,,,,,,,,,,,,,,,,,,,,,,,,,,,,,,,
022.mp4,knocking,knocking,queuing,running,running,running,running,running,running,running,running,running,running,swinging,swinging,swinging,sitting,bowing,walking,bowing,walking,walking,walking,hugging,,,,,,,,,,,,,,,,,,,,,,,,,,,,,,,,,,
024.mp4,asking,asking,asking,asking,asking,asking,asking,asking,asking,guarding,guarding,guarding,asking,asking,asking,asking,asking,asking,asking,asking,asking,adult+male+speaking,asking,raining,,,,,,,,,,,,,,,,,,,,,,,,,,,,,,,,,,
025.mp4,officiating,adult+male+speaking,adult+male+speaking,adult+male+speaking,adult+male+speaking,adult+male+speaking,adult+male+speaking,adult+male+speaking,adult+male+speaking,adult+male+speaking,adult+male+speaking,adult+male+speaking,adult+male+speaking,adult+male+speaking,adult+male+speaking,adult+male+speaking,adult+male+speaking,adult+male+speaking,adult+male+speaking,adult+male+speaking,discussing,discussing,discussing,adult+male+speaking,adult+male+speaking,adult+male+speaking,adult+male+speaking,adult+male+speaking,adult+male+speaking,adult+male+speaking,adult+male+speaking,adult+male+speaking,adult+male+speaking,adult+male+speaking,adult+male+speaking,adult+male+speaking,talking,adult+male+speaking,talking,talking,talking,talking,talking,talking,talking,,,,,,,,,,,,,
026.mp4,adult+male+speaking,adult+male+speaking,adult+male+speaking,adult+male+speaking,adult+male+speaking,adult+male+speaking,adult+male+speaking,adult+male+speaking,adult+male+speaking,adult+male+speaking,adult+male+speaking,adult+male+speaking,adult+male+speaking,adult+male+speaking,adult+male+speaking,adult+male+speaking,adult+male+speaking,adult+male+speaking,standing,adult+male+speaking,adult+male+speaking,adult+male+speaking,standing,standing,,,,,,,,,,,,,,,,,,,,,,,,,,,,,,,,,,
027.mp4,adult+male+speaking,adult+male+speaking,adult+male+speaking,adult+male+speaking,adult+male+speaking,adult+male+speaking,adult+male+speaking,adult+male+speaking,sitting,sitting,sitting,sitting,sitting,sitting,sitting,sitting,sitting,sitting,sitting,sitting,sitting,sitting,adult+male+speaking,adult+male+speaking,,,,,,,,,,,,,,,,,,,,,,,,,,,,,,,,,,
028.mp4,playing+videogames,adult+male+speaking,discussing,adult+male+speaking,adult+male+speaking,adult+male+speaking,adult+male+speaking,adult+male+speaking,discussing,discussing,discussing,discussing,discussing,discussing,discussing,discussing,discussing,adult+male+speaking,adult+male+speaking,discussing,adult+male+speaking,adult+male+speaking,adult+male+speaking,adult+male+speaking,discussing,,,,,,,,,,,,,,,,,,,,,,,,,,,,,,,,,
029.mp4,interviewing,interviewing,interviewing,adult+male+speaking,adult+male+speaking,adult+male+speaking,adult+male+speaking,asking,asking,asking,adult+male+speaking,adult+male+speaking,adult+male+speaking,asking,interviewing,adult+male+speaking,adult+male+speaking,adult+male+speaking,adult+male+speaking,adult+male+speaking,tattooing,tattooing,tattooing,adult+male+speaking,,,,,,,,,,,,,,,,,,,,,,,,,,,,,,,,,,
030.mp4,adult+male+speaking,adult+male+speaking,adult+male+speaking,adult+male+speaking,adult+male+speaking,adult+male+speaking,adult+male+speaking,adult+male+speaking,adult+male+speaking,adult+male+speaking,adult+male+speaking,adult+male+speaking,adult+male+speaking,adult+male+speaking,adult+male+speaking,adult+male+speaking,adult+male+speaking,adult+male+speaking,adult+male+speaking,adult+male+speaking,adult+male+speaking,adult+male+speaking,adult+male+speaking,adult+male+speaking,adult+male+speaking,adult+male+speaking,adult+male+speaking,adult+male+speaking,adult+male+speaking,adult+male+speaking,adult+male+speaking,adult+male+speaking,adult+male+speaking,adult+male+speaking,adult+male+speaking,adult+male+speaking,adult+male+speaking,adult+male+speaking,adult+male+speaking,adult+male+speaking,adult+male+speaking,adult+male+speaking,adult+male+speaking,taping,taping,taping,taping,taping,taping,taping,taping,taping,taping,taping,,,,
033.mp4,sitting,tattooing,tattooing,sitting,sitting,sitting,sitting,sitting,tattooing,sitting,tattooing,tattooing,tattooing,tattooing,tattooing,tattooing,tattooing,tattooing,sitting,tattooing,tattooing,tattooing,tattooing,tattooing,,,,,,,,,,,,,,,,,,,,,,,,,,,,,,,,,,
035.mp4,queuing,queuing,queuing,shopping,shopping,shopping,shopping,shopping,shopping,shopping,shopping,shopping,shopping,shopping,shopping,shopping,shopping,shopping,shopping,shopping,shopping,shopping,shopping,shopping,shopping,shopping,shopping,shopping,shopping,shopping,shopping,shopping,shopping,shopping,shopping,shopping,shopping,shopping,shopping,shopping,shopping,shopping,shopping,shopping,shopping,shopping,shopping,shopping,shopping,shopping,shopping,shopping,shopping,shopping,shopping,shopping,shopping,
037.mp4,adult+male+speaking,adult+male+speaking,adult+male+speaking,adult+male+speaking,adult+male+speaking,adult+male+speaking,adult+male+speaking,adult+male+speaking,adult+male+speaking,adult+male+speaking,adult+male+speaking,adult+male+speaking,adult+male+speaking,adult+male+speaking,adult+male+speaking,adult+male+speaking,adult+male+speaking,adult+male+speaking,adult+male+speaking,adult+male+speaking,adult+male+speaking,adult+male+speaking,adult+male+speaking,adult+male+speaking,shaving,shaving,shaving,shaving,tattooing,tattooing,tattooing,shaving,shaving,shaving,shaving,hugging,hugging,hugging,tattooing,tattooing,tattooing,adult+male+speaking,tattooing,tattooing,tattooing,adult+male+speaking,adult+male+speaking,adult+male+speaking,adult+male+speaking,adult+male+speaking,adult+male+speaking,adult+male+speaking,adult+male+speaking,adult+male+speaking,adult+male+speaking,,,
038.mp4,adult+male+speaking,adult+male+speaking,adult+male+speaking,adult+male+speaking,adult+male+speaking,adult+male+speaking,adult+male+speaking,talking,talking,talking,talking,talking,talking,talking,adult+female+speaking,adult+female+speaking,adult+female+speaking,adult+female+speaking,adult+female+speaking,adult+female+speaking,adult+female+speaking,adult+female+speaking,adult+female+speaking,adult+female+speaking,adult+female+speaking,adult+female+speaking,adult+female+speaking,adult+female+speaking,adult+female+speaking,adult+female+speaking,adult+female+speaking,adult+female+speaking,adult+female+speaking,adult+female+speaking,adult+female+speaking,adult+female+speaking,adult+female+speaking,adult+female+speaking,adult+female+speaking,adult+female+speaking,adult+female+speaking,adult+female+speaking,adult+female+speaking,adult+female+speaking,adult+female+speaking,adult+female+speaking,adult+female+speaking,adult+female+speaking,adult+female+speaking,adult+female+speaking,adult+female+speaking,adult+female+speaking,adult+female+speaking,adult+female+speaking,adult+female+speaking,adult+female+speaking,adult+female+speaking,adult+female+speaking
039.mp4,bowing,bowing,playing+videogames,playing+videogames,adult+male+speaking,playing+videogames,playing+videogames,bowing,bowing,adult+male+speaking,bowing,bowing,adult+male+speaking,adult+male+speaking,playing+videogames,playing+videogames,playing+videogames,playing+videogames,adult+male+speaking,bowing,stomping,rinsing,stomping,stomping,,,,,,,,,,,,,,,,,,,,,,,,,,,,,,,,,,
041.mp4,asking,asking,asking,asking,interviewing,interviewing,interviewing,interviewing,interviewing,adult+female+singing,interviewing,interviewing,interviewing,interviewing,interviewing,asking,adult+female+singing,adult+female+singing,adult+female+singing,hugging,hugging,adult+female+singing,adult+female+singing,hugging,,,,,,,,,,,,,,,,,,,,,,,,,,,,,,,,,,
042.mp4,sitting,sitting,sitting,sitting,sitting,sitting,sitting,sitting,sitting,sitting,sitting,sitting,sitting,sitting,sitting,sitting,sitting,sitting,sitting,sitting,sitting,sitting,sitting,sitting,sitting,sitting,sitting,sitting,sitting,sitting,sitting,sitting,sitting,sitting,sitting,discussing,sitting,sitting,sitting,sitting,sitting,sitting,sitting,sitting,sitting,sitting,sitting,sitting,sitting,discussing,discussing,sitting,sitting,,,,,
043.mp4,adult+male+speaking,adult+male+speaking,adult+male+speaking,adult+male+speaking,adult+male+speaking,adult+male+speaking,asking,adult+male+speaking,asking,asking,adult+male+speaking,asking,adult+male+speaking,adult+male+speaking,adult+male+speaking,adult+male+speaking,adult+male+speaking,adult+male+speaking,adult+male+speaking,adult+male+speaking,adult+male+speaking,adult+male+speaking,adult+male+speaking,adult+male+speaking,,,,,,,,,,,,,,,,,,,,,,,,,,,,,,,,,,
044.mp4,jogging,jogging,jogging,jogging,jogging,jogging,jogging,jogging,jogging,jogging,jogging,jogging,jogging,jogging,jogging,jogging,jogging,jogging,jogging,jogging,jogging,jogging,jogging,jogging,jogging,jogging,jogging,jogging,jogging,competing,jogging,jogging,jogging,jogging,jogging,jogging,jogging,asking,asking,asking,asking,jogging,jogging,jogging,jogging,jogging,jogging,jogging,jogging,jogging,asking,asking,asking,asking,,,,
045.mp4,standing,adult+male+speaking,adult+male+speaking,adult+male+speaking,adult+male+speaking,adult+male+speaking,adult+male+speaking,adult+male+speaking,adult+male+speaking,adult+male+speaking,adult+male+speaking,adult+male+speaking,adult+male+speaking,adult+male+speaking,adult+male+speaking,adult+male+speaking,adult+male+speaking,adult+male+speaking,adult+male+speaking,adult+male+speaking,adult+male+speaking,adult+male+speaking,adult+male+speaking,adult+male+speaking,adult+male+speaking,adult+male+speaking,adult+male+speaking,adult+male+speaking,adult+male+speaking,adult+male+speaking,adult+male+speaking,adult+male+speaking,adult+male+speaking,adult+male+speaking,adult+male+speaking,adult+male+speaking,adult+male+speaking,adult+male+speaking,adult+male+speaking,officiating,officiating,officiating,adult+male+speaking,adult+male+speaking,adult+male+speaking,officiating,officiating,adult+male+speaking,adult+male+speaking,adult+male+speaking,adult+male+speaking,adult+male+speaking,autographing,autographing,autographing,autographing,,
047.mp4,walking,walking,walking,walking,walking,walking,adult+male+speaking,walking,walking,adult+male+speaking,adult+male+speaking,walking,walking,walking,exiting,walking,exiting,adult+male+speaking,exiting,exiting,exiting,exiting,exiting,exiting,exiting,exiting,exiting,exiting,exiting,exiting,exiting,exiting,hugging,hugging,hugging,hugging,hugging,hugging,hugging,hugging,hugging,hugging,hugging,hugging,hugging,hugging,hugging,hugging,hugging,hugging,hugging,hugging,hugging,hugging,hugging,hugging,hugging,
048.mp4,tattooing,tattooing,tattooing,tattooing,tattooing,tattooing,tattooing,tattooing,adult+female+speaking,adult+female+speaking,adult+female+speaking,adult+female+speaking,adult+female+speaking,adult+female+speaking,adult+female+speaking,adult+female+speaking,adult+female+speaking,adult+female+speaking,adult+female+speaking,adult+female+speaking,adult+female+speaking,adult+female+speaking,adult+female+speaking,adult+female+speaking,adult+female+speaking,adult+female+speaking,adult+female+speaking,adult+female+speaking,adult+female+speaking,adult+female+speaking,adult+female+speaking,adult+female+speaking,adult+female+speaking,adult+female+speaking,adult+female+speaking,adult+female+speaking,adult+female+speaking,adult+female+speaking,adult+female+speaking,adult+female+speaking,tattooing,tattooing,tattooing,tattooing,tattooing,adult+female+speaking,adult+female+speaking,adult+female+speaking,adult+female+speaking,adult+female+speaking,sitting,sitting,sitting,sitting,sitting,sitting,,
049.mp4,cheering,cheering,cheering,cheering,cheering,filming,filming,filming,celebrating,celebrating,celebrating,filming,filming,standing,standing,dancing,tattooing,tattooing,adult+female+speaking,adult+female+speaking,tattooing,tattooing,standing,clapping,clapping,clapping,adult+male+speaking,adult+male+speaking,dancing,dancing,dancing,dancing,dancing,dancing,clapping,clapping,cheering,cheering,cheering,wrestling,wrestling,cheering,cheering,cheering,wrestling,wrestling,clapping,clapping,hugging,hugging,clapping,clapping,clapping,clapping,,,,
050.mp4,adult+male+speaking,adult+male+speaking,adult+male+speaking,adult+male+speaking,adult+male+speaking,adult+male+speaking,adult+male+speaking,adult+male+speaking,adult+male+speaking,adult+male+speaking,adult+male+speaking,adult+male+speaking,adult+male+speaking,adult+male+speaking,adult+male+speaking,adult+male+speaking,adult+male+speaking,adult+male+speaking,adult+male+speaking,adult+male+speaking,adult+male+speaking,adult+male+speaking,adult+male+speaking,adult+male+speaking,adult+male+speaking,adult+male+speaking,adult+male+speaking,adult+male+speaking,adult+male+speaking,adult+male+speaking,adult+male+speaking,adult+male+speaking,adult+male+speaking,adult+male+speaking,adult+male+speaking,adult+male+speaking,adult+male+speaking,adult+male+speaking,adult+male+speaking,adult+male+speaking,adult+male+speaking,adult+male+speaking,adult+male+speaking,adult+male+speaking,adult+male+speaking,adult+male+speaking,adult+male+speaking,adult+male+speaking,hugging,hugging,hugging,hugging,hugging,,,,,
051.mp4,talking,talking,talking,talking,talking,closing,closing,opening,opening,pointing,opening,opening,hugging,standing,hugging,closing,closing,hugging,hugging,hugging,hugging,talking,talking,talking,,,,,,,,,,,,,,,,,,,,,,,,,,,,,,,,,,
052.mp4,waving,hugging,sitting,adult+male+speaking,hugging,hugging,hugging,hugging,hugging,hugging,hugging,hugging,hugging,hugging,hugging,hugging,,,,,,,,,,,,,,,,,,,,,,,,,,,,,,,,,,,,,,,,,,
054.mp4,adult+male+speaking,adult+male+speaking,adult+male+speaking,adult+male+speaking,adult+male+speaking,adult+male+speaking,adult+male+speaking,adult+male+speaking,adult+male+speaking,adult+male+speaking,adult+male+speaking,adult+male+speaking,adult+male+speaking,adult+male+speaking,adult+male+speaking,adult+male+speaking,adult+male+speaking,adult+male+speaking,adult+male+speaking,adult+male+speaking,adult+male+speaking,adult+male+speaking,adult+male+speaking,adult+male+speaking,,,,,,,,,,,,,,,,,,,,,,,,,,,,,,,,,,
055.mp4,telephoning,telephoning,sitting,sitting,sitting,telephoning,telephoning,telephoning,telephoning,telephoning,telephoning,telephoning,telephoning,telephoning,telephoning,telephoning,telephoning,telephoning,telephoning,telephoning,telephoning,telephoning,adult+male+speaking,adult+male+speaking,adult+male+speaking,adult+male+speaking,adult+male+speaking,adult+male+speaking,adult+male+speaking,adult+male+speaking,adult+male+speaking,adult+male+speaking,adult+male+speaking,adult+male+speaking,telephoning,telephoning,telephoning,telephoning,telephoning,telephoning,telephoning,telephoning,telephoning,telephoning,telephoning,telephoning,telephoning,telephoning,telephoning,telephoning,telephoning,telephoning,telephoning,telephoning,telephoning,,,
056.mp4,telephoning,telephoning,telephoning,tattooing,tattooing,tattooing,tattooing,tattooing,tattooing,tattooing,tattooing,tattooing,tattooing,tattooing,tattooing,tattooing,tattooing,tattooing,tattooing,tattooing,tattooing,tattooing,autographing,autographing,tattooing,tattooing,tattooing,tattooing,tattooing,tattooing,tattooing,tattooing,tattooing,tattooing,tattooing,tattooing,tattooing,tattooing,tattooing,tattooing,tattooing,tattooing,tattooing,tattooing,tattooing,tattooing,tattooing,tattooing,sitting,sitting,sitting,sitting,sitting,sitting,sitting,sitting,sitting,sitting
057.mp4,talking,talking,talking,adult+male+speaking,talking,talking,talking,talking,adult+male+speaking,adult+male+speaking,talking,talking,talking,talking,talking,talking,talking,talking,adult+male+speaking,adult+male+speaking,adult+male+speaking,adult+male+speaking,adult+male+speaking,adult+male+speaking,,,,,,,,,,,,,,,,,,,,,,,,,,,,,,,,,,
059.mp4,discussing,discussing,discussing,discussing,discussing,discussing,discussing,discussing,smoking,smoking,smoking,smoking,smoking,smoking,smoking,discussing,discussing,discussing,discussing,discussing,smoking,discussing,smoking,discussing,tattooing,tattooing,tattooing,tattooing,tattooing,tattooing,tattooing,tattooing,tattooing,tattooing,tattooing,tattooing,discussing,discussing,discussing,discussing,discussing,discussing,discussing,discussing,discussing,discussing,discussing,discussing,discussing,discussing,discussing,discussing,adult+male+speaking,adult+male+speaking,discussing,,,
060.mp4,adult+female+speaking,adult+female+speaking,adult+female+speaking,adult+female+speaking,smoking,smoking,adult+female+speaking,adult+female+speaking,sitting,sitting,sitting,adult+female+speaking,adult+female+speaking,sitting,sitting,sitting,sitting,smoking,sitting,sitting,sitting,smoking,smoking,sitting,smoking,sitting,smoking,smoking,smoking,smoking,smoking,smoking,smoking,smoking,smoking,smoking,smoking,smoking,smoking,smoking,smoking,smoking,smoking,smoking,smoking,smoking,smoking,smoking,smoking,smoking,smoking,smoking,,,,,,
061.mp4,sitting,sitting,sitting,sitting,sitting,sitting,sitting,tattooing,tattooing,tattooing,sitting,sitting,tattooing,tattooing,sitting,sitting,sitting,sitting,sitting,sitting,sitting,sitting,sitting,sitting,sitting,eating,eating,eating,eating,eating,sitting,sitting,sitting,sitting,sitting,sitting,sitting,drinking,drinking,drinking,drinking,sitting,sitting,sitting,sitting,sitting,sitting,sitting,sitting,sitting,sitting,sitting,sitting,sitting,sitting,,,
062.mp4,sitting,sitting,sitting,sitting,sitting,sitting,sitting,sitting,sitting,sitting,sitting,sitting,sitting,sitting,sitting,sitting,sitting,sitting,sitting,sitting,sitting,sitting,sitting,sitting,sitting,sitting,sitting,autographing,autographing,autographing,sitting,sitting,sitting,shaving,shaving,sitting,tattooing,shaving,shaving,shaving,shaving,shaving,shaving,shaving,shaving,shaving,shaving,shaving,shaving,autographing,autographing,autographing,autographing,roaring,roaring,roaring,,
063.mp4,celebrating,celebrating,celebrating,celebrating,celebrating,celebrating,celebrating,celebrating,celebrating,celebrating,celebrating,celebrating,celebrating,celebrating,celebrating,celebrating,celebrating,dancing,dancing,dancing,painting,painting,dancing,dancing,dancing,dancing,dancing,dancing,adult+female+speaking,dancing,dancing,dancing,sitting,hugging,hugging,sitting,sitting,sitting,dancing,dancing,hugging,hugging,hugging,hugging,hugging,hugging,hugging,hugging,hugging,hugging,hugging,hugging,hugging,hugging,hugging,hugging,,
064.mp4,sitting,sitting,sitting,sitting,sitting,adult+female+singing,adult+female+singing,adult+female+singing,adult+female+singing,adult+female+singing,adult+female+singing,adult+female+singing,adult+female+singing,adult+female+singing,adult+female+singing,adult+female+singing,adult+female+singing,adult+female+singing,adult+female+singing,adult+female+singing,adult+female+singing,adult+female+singing,adult+female+singing,adult+female+singing,adult+female+singing,adult+female+singing,adult+female+singing,adult+female+singing,adult+female+singing,adult+female+singing,adult+female+singing,adult+female+singing,adult+female+singing,adult+female+singing,adult+female+singing,adult+female+singing,adult+female+singing,adult+female+speaking,adult+female+speaking,adult+female+speaking,adult+female+speaking,adult+female+singing,adult+female+singing,adult+female+singing,adult+female+singing,adult+female+singing,adult+female+singing,adult+female+singing,adult+female+singing,adult+female+singing,adult+female+singing,adult+female+singing,adult+female+singing,adult+female+singing,adult+female+singing,adult+female+speaking,,
065.mp4,laughing,laughing,laughing,laughing,laughing,laughing,laughing,laughing,laughing,laughing,laughing,laughing,clapping,clapping,laughing,adult+female+singing,adult+female+singing,adult+female+singing,adult+female+singing,adult+female+singing,adult+female+singing,adult+female+singing,adult+female+singing,adult+female+singing,adult+female+singing,adult+female+singing,adult+female+singing,adult+female+singing,adult+female+singing,adult+female+singing,adult+female+singing,adult+female+singing,adult+female+singing,juggling,adult+female+singing,adult+female+singing,juggling,juggling,adult+female+singing,adult+female+singing,adult+female+singing,adult+female+singing,adult+female+singing,adult+female+singing,adult+female+singing,adult+female+singing,adult+female+singing,adult+female+singing,adult+female+singing,adult+female+singing,adult+female+singing,adult+female+singing,adult+female+singing,adult+female+singing,adult+female+singing,adult+female+singing,,
066.mp4,waking,waking,waking,waking,waking,waking,waking,waking,waking,waking,waking,waking,waking,waking,waking,waking,waking,waking,waking,waking,waking,waking,waking,waking,waking,,,,,,,,,,,,,,,,,,,,,,,,,,,,,,,,,
067.mp4,painting,painting,painting,painting,washing,washing,painting,washing,painting,washing,washing,painting,cracking,painting,painting,cracking,painting,painting,painting,painting,painting,painting,painting,painting,,,,,,,,,,,,,,,,,,,,,,,,,,,,,,,,,,
068.mp4,asking,asking,asking,asking,asking,asking,asking,adult+female+speaking,adult+female+speaking,adult+female+speaking,adult+female+speaking,adult+female+speaking,adult+female+speaking,adult+female+speaking,asking,asking,asking,asking,adult+female+speaking,adult+female+speaking,asking,asking,asking,asking,asking,asking,asking,asking,asking,asking,asking,asking,asking,asking,asking,asking,asking,asking,asking,asking,asking,asking,asking,asking,asking,asking,asking,asking,asking,asking,asking,asking,,,,,,
069.mp4,wrestling,wrestling,clapping,clapping,tattooing,tattooing,tattooing,tattooing,tattooing,tattooing,tattooing,tattooing,adult+female+speaking,adult+female+speaking,smoking,smoking,smoking,clapping,clapping,talking,talking,talking,talking,talking,talking,talking,talking,talking,talking,talking,discussing,discussing,adult+female+speaking,adult+female+speaking,adult+female+speaking,adult+female+speaking,adult+female+speaking,adult+female+speaking,adult+female+speaking,clapping,clapping,clapping,talking,talking,talking,tattooing,clapping,clapping,wrestling,wrestling,wrestling,wrestling,wrestling,wrestling,,,,
070.mp4,adult+female+speaking,adult+female+speaking,adult+female+speaking,adult+female+speaking,adult+female+speaking,adult+female+speaking,hugging,hugging,hugging,hugging,hugging,hugging,hugging,hugging,hugging,hugging,hugging,hugging,hugging,hugging,hugging,hugging,hugging,hugging,hugging,hugging,hugging,hugging,hugging,hugging,hugging,hugging,hugging,hugging,hugging,hugging,hugging,hugging,hugging,hugging,hugging,hugging,hugging,hugging,hugging,hugging,hugging,hugging,hugging,hugging,,,,,,,,
071.mp4,coaching,clapping,clapping,clapping,clapping,coaching,coaching,coaching,coaching,coaching,coaching,coaching,coaching,coaching,coaching,coaching,coaching,coaching,coaching,coaching,coaching,coaching,coaching,coaching,,,,,,,,,,,,,,,,,,,,,,,,,,,,,,,,,,
