Video,0,16,32,48,64,80,96
001.mp4,snapping,snapping,singing,singing,,,
002.mp4,snapping,snapping,snapping,snapping,snapping,snapping,snapping
003.mp4,snapping,snapping,snapping,snapping,snapping,snapping,
004.mp4,snapping,singing,singing,singing,snapping,singing,
005.mp4,snapping,snapping,snapping,snapping,snapping,,
007.mp4,snapping,snapping,,,,,
008.mp4,snapping,,,,,,
010.mp4,shivering,,,,,,
011.mp4,snapping,snapping,snapping,snapping,snapping,snapping,snapping
012.mp4,snapping,snapping,snapping,,,,
013.mp4,snapping,snapping,snapping,snapping,snapping,snapping,
014.mp4,snapping,snapping,snapping,snapping,snapping,snapping,
015.mp4,snapping,snapping,snapping,snapping,snapping,snapping,
016.mp4,snapping,snapping,whistling,,,,
017.mp4,whistling,singing,,,,,
018.mp4,snapping,snapping,snapping,,,,
019.mp4,snapping,snapping,snapping,snapping,snapping,snapping,
020.mp4,snapping,snapping,snapping,,,,
022.mp4,singing,singing,singing,,,,
024.mp4,snapping,snapping,snapping,,,,
025.mp4,whistling,snapping,snapping,snapping,snapping,,
026.mp4,singing,snapping,singing,,,,
027.mp4,singing,singing,singing,,,,
028.mp4,singing,snapping,snapping,,,,
029.mp4,singing,singing,snapping,,,,
030.mp4,singing,snapping,snapping,snapping,snapping,snapping,
033.mp4,snapping,snapping,snapping,,,,
035.mp4,snapping,snapping,snapping,snapping,snapping,snapping,snapping
037.mp4,snapping,snapping,snapping,snapping,snapping,snapping,
038.mp4,snapping,snapping,snapping,snapping,snapping,snapping,snapping
039.mp4,snapping,snapping,snapping,,,,
041.mp4,singing,snapping,snapping,,,,
042.mp4,snapping,snapping,snapping,snapping,snapping,snapping,
043.mp4,snapping,snapping,snapping,,,,
044.mp4,snapping,snapping,snapping,snapping,snapping,snapping,
045.mp4,snapping,snapping,snapping,snapping,snapping,snapping,snapping
047.mp4,snapping,snapping,snapping,snapping,snapping,snapping,snapping
048.mp4,snapping,snapping,snapping,snapping,snapping,snapping,snapping
049.mp4,snapping,snapping,snapping,snapping,snapping,snapping,
050.mp4,snapping,snapping,snapping,snapping,snapping,snapping,
051.mp4,snapping,snapping,snapping,,,,
052.mp4,snapping,singing,,,,,
054.mp4,singing,snapping,snapping,,,,
055.mp4,snapping,snapping,snapping,snapping,snapping,snapping,
056.mp4,snapping,snapping,snapping,snapping,snapping,snapping,snapping
057.mp4,snapping,snapping,snapping,,,,
059.mp4,snapping,snapping,snapping,snapping,snapping,snapping,
060.mp4,snapping,snapping,snapping,snapping,snapping,snapping,
061.mp4,snapping,snapping,snapping,snapping,snapping,snapping,
062.mp4,snapping,snapping,snapping,snapping,snapping,snapping,snapping
063.mp4,snapping,singing,snapping,singing,singing,snapping,singing
064.mp4,snapping,snapping,snapping,singing,singing,singing,snapping
065.mp4,snapping,snapping,singing,snapping,snapping,singing,singing
066.mp4,snapping,snapping,singing,,,,
067.mp4,snapping,snapping,snapping,,,,
068.mp4,snapping,snapping,snapping,snapping,snapping,snapping,
069.mp4,snapping,snapping,snapping,snapping,snapping,snapping,
070.mp4,snapping,snapping,snapping,snapping,snapping,snapping,
071.mp4,snapping,singing,singing,,,,
